;Time;Voltage;Temperature;Model_temp
0;0,0;7,18;172,89;174,1927713050837
1;1,0;12,04;289,92;174,36385725316543
2;2,0;8,49;204,44;174,53494320124713
3;3,0;6,85;164,95;174,70602914932886
4;4,0;6,34;152,67;174,87711509741055
5;5,0;9,04;217,68;175,04820104549228
6;6,0;6,19;149,06;175,21928699357397
7;7,0;6,84;164,71;175,3903729416557
8;8,0;6,44;155,08;175,56145888973742
9;9,0;7,1;170,97;175,73254483781912
10;10,0;7,14;171,93;175,90363078590084
11;11,0;7,38;177,71;176,07471673398254
12;12,0;6,6;158,93;176,24580268206427
13;13,0;7,29;175,54;176,41688863014596
14;14,0;6,68;160,85;176,5879745782277
15;15,0;7,11;171,21;176,7590605263094
16;16,0;7,15;172,17;176,9301464743911
17;17,0;8,37;201,55;177,10123242247283
18;18,0;7,17;172,65;177,27231837055453
19;19,0;6,96;167,6;177,44340431863625
20;20,0;7,2;173,38;177,61449026671795
21;21,0;7,49;180,36;177,78557621479968
22;22,0;7,6;183,01;177,9566621628814
23;23,0;8,42;202,75;178,1277481109631
24;24,0;6,88;165,67;178,29883405904482
25;25,0;7,46;179,64;178,46992000712652
26;26,0;7,63;183,73;178,64100595520824
27;27,0;6,79;163,5;178,81209190328994
28;28,0;8,01;192,88;178,98317785137166
29;29,0;7,05;169,76;179,15426379945336
30;30,0;7,39;177,95;179,32534974753509
31;31,0;7,27;175,06;179,4964356956168
32;32,0;7,22;173,86;179,6675216436985
33;33,0;7,5;180,6;179,83860759178023
34;34,0;7,29;175,54;180,00969353986193
35;35,0;7,37;177,47;180,18077948794365
36;36,0;7,07;170,25;180,35186543602535
37;37,0;7,86;189,27;180,52295138410707
38;38,0;8,77;211,18;180,6940373321888
39;39,0;7,35;176,99;180,8651232802705
40;40,0;7,8;187,82;181,03620922835222
41;41,0;7,78;187,34;181,20729517643392
42;42,0;7,38;177,71;181,37838112451564
43;43,0;7,74;186,38;181,54946707259734
44;44,0;7,17;172,65;181,72055302067906
45;45,0;8,37;201,55;181,8916389687608
46;46,0;7,47;179,88;182,06272491684248
47;47,0;7,99;192,4;182,2338108649242
48;48,0;7,75;186,62;182,4048968130059
49;49,0;8,74;210,46;182,57598276108763
50;50,0;7,96;191,68;182,74706870916933
51;51,0;7,75;186,62;182,91815465725105
52;52,0;7,82;188,31;183,08924060533278
53;53,0;7,91;190,47;183,26032655341447
54;54,0;7,96;191,68;183,4314125014962
55;55,0;7,99;192,4;183,6024984495779
56;56,0;7,75;186,62;183,77358439765962
57;57,0;7,97;191,92;183,94467034574132
58;58,0;8,05;193,84;184,11575629382304
59;59,0;9,55;229,96;184,28684224190476
60;60,0;8,31;200,1;184,45792818998646
61;61,0;8,84;212,87;184,6290141380682
62;62,0;9,15;220,33;184,80010008614988
63;63,0;8,22;197,94;184,9711860342316
64;64,0;8,39;202,03;185,1422719823133
65;65,0;8,05;193,84;185,31335793039503
66;66,0;8,34;200,83;185,48444387847672
67;67,0;8,48;204,2;185,65552982655845
68;68,0;8,45;203,48;185,82661577464017
69;69,0;9,01;216,96;185,99770172272187
70;70,0;8,62;207,57;186,1687876708036
71;71,0;8,99;216,48;186,3398736188853
72;72,0;8,82;212,39;186,51095956696702
73;73,0;8,21;197,7;186,68204551504874
74;74,0;8,9;214,31;186,85313146313044
75;75,0;6,53;157,24;187,02421741121216
76;76,0;11,54;277,88;187,19530335929386
77;77,0;9,27;223,22;187,36638930737558
78;78,0;7,33;176,51;187,53747525545728
79;79,0;7,09;170,73;187,708561203539
80;80,0;7,81;188,06;187,8796471516207
81;81,0;7,24;174,34;188,05073309970243
82;82,0;7,73;186,14;188,22181904778415
83;83,0;7,42;178,67;188,39290499586585
84;84,0;7,81;188,06;188,56399094394757
85;85,0;7,45;179,4;188,73507689202927
86;86,0;8,29;199,62;188,906162840111
87;87,0;8,03;193,36;189,0772487881927
88;88,0;7,68;184,93;189,24833473627442
89;89,0;7,75;186,62;189,41942068435614
90;90,0;7,89;189,99;189,59050663243784
91;91,0;8,0;192,64;189,76159258051956
92;92,0;7,6;183,01;189,93267852860126
93;93,0;7,61;183,25;190,10376447668298
94;94,0;8,19;197,22;190,27485042476468
95;95,0;7,61;183,25;190,4459363728464
96;96,0;7,86;189,27;190,61702232092813
97;97,0;8,12;195,53;190,78810826900983
98;98,0;7,97;191,92;190,95919421709155
99;99,0;7,71;185,66;191,13028016517325
100;100,0;8,03;193,36;191,30136611325497
101;101,0;7,85;189,03;191,47245206133667
102;102,0;8,74;210,46;191,6435380094184
103;103,0;7,81;188,06;191,8146239575001
104;104,0;7,84;188,79;191,9857099055818
105;105,0;7,83;188,55;192,15679585366354
106;106,0;8,05;193,84;192,32788180174524
107;107,0;8,13;195,77;192,49896774982696
108;108,0;8,36;201,31;192,67005369790866
109;109,0;8,06;194,08;192,84113964599038
110;110,0;8,25;198,66;193,0122255940721
111;111,0;8,62;207,57;193,1833115421538
112;112,0;8,21;197,7;193,35439749023553
113;113,0;8,12;195,53;193,52548343831722
114;114,0;8,09;194,81;193,69656938639895
115;115,0;8,5;204,68;193,86765533448065
116;116,0;8,08;194,57;194,03874128256237
117;117,0;8,77;211,18;194,20982723064407
118;118,0;8,48;204,2;194,3809131787258
119;119,0;8,25;198,66;194,55199912680752
120;120,0;7,84;188,79;194,7230850748892
121;121,0;8,89;214,07;194,89417102297094
122;122,0;8,14;196,01;195,06525697105263
123;123,0;8,35;201,07;195,23634291913436
124;124,0;11,42;274,99;195,40742886721608
125;125,0;8,59;206,85;195,57851481529778
126;126,0;8,57;206,37;195,7496007633795
127;127,0;8,65;208,29;195,9206867114612
128;128,0;9,23;222,26;196,09177265954293
129;129,0;9,07;218,41;196,26285860762462
130;130,0;8,36;201,31;196,43394455570635
131;131,0;8,74;210,46;196,60503050378804
132;132,0;8,05;193,84;196,77611645186977
133;133,0;9,22;222,02;196,9472023999515
134;134,0;8,34;200,83;197,1182883480332
135;135,0;8,47;203,96;197,28937429611491
136;136,0;9,07;218,41;197,4604602441966
137;137,0;8,28;199,38;197,63154619227834
138;138,0;9,5;228,76;197,80263214036003
139;139,0;8,39;202,03;197,97371808844176
140;140,0;8,47;203,96;198,14480403652348
141;141,0;9,58;230,69;198,31588998460518
142;142,0;8,48;204,2;198,4869759326869
143;143,0;9,41;226,59;198,6580618807686
144;144,0;12,37;297,87;198,82914782885032
145;145,0;8,72;209,98;199,00023377693202
146;146,0;8,96;215,76;199,17131972501375
147;147,0;7,55;181,8;199,34240567309547
148;148,0;8,68;209,01;199,51349162117717
149;149,0;10,76;259,1;199,6845775692589
150;150,0;7,17;172,65;199,8556635173406
151;151,0;8,26;198,9;200,0267494654223
152;152,0;7,7;185,42;200,197835413504
153;153,0;6,54;157,48;200,36892136158573
154;154,0;9,59;230,93;200,54000730966743
155;155,0;10,14;244,17;200,71109325774916
156;156,0;7,88;189,75;200,88217920583088
157;157,0;8,75;210,7;201,05326515391258
158;158,0;8,17;196,73;201,2243511019943
159;159,0;8,3;199,86;201,395437050076
160;160,0;10,23;246,34;201,56652299815772
161;161,0;8,18;196,97;201,73760894623945
162;162,0;9,69;233,34;201,90869489432114
163;163,0;8,23;198,18;202,07978084240287
164;164,0;9,78;235,5;202,25086679048457
165;165,0;8,35;201,07;202,4219527385663
166;166,0;9,48;228,28;202,593038686648
167;167,0;7,98;192,16;202,7641246347297
168;168,0;10,89;262,23;202,9352105828114
169;169,0;10,54;253,8;203,10629653089313
170;170,0;10,96;263,92;203,27738247897486
171;171,0;10,1;243,21;203,44846842705655
172;172,0;10,44;251,4;203,61955437513828
173;173,0;10,64;256,21;203,79064032321998
174;174,0;8,83;212,63;203,9617262713017
175;175,0;8,36;201,31;204,13281221938342
176;176,0;8,77;211,18;204,30389816746512
177;177,0;8,59;206,85;204,47498411554685
178;178,0;10,02;241,28;204,64607006362854
179;179,0;7,33;176,51;204,81715601171027
180;180,0;9,15;220,33;204,98824195979196
181;181,0;8,47;203,96;205,1593279078737
182;182,0;7,48;180,12;205,33041385595538
183;183,0;8,89;214,07;205,5014998040371
184;184,0;8,32;200,35;205,67258575211883
185;185,0;8,63;207,81;205,84367170020053
186;186,0;7,63;183,73;206,01475764828226
187;187,0;7,38;177,71;206,18584359636395
188;188,0;8,85;213,11;206,35692954444568
189;189,0;11,33;272,83;206,5280154925274
190;190,0;10,07;242,49;206,6991014406091
191;191,0;9,03;217,44;206,8701873886908
192;192,0;8,96;215,76;207,04127333677252
193;193,0;9,76;235,02;207,21235928485424
194;194,0;9,1;219,13;207,38344523293594
195;195,0;8,71;209,74;207,55453118101767
196;196,0;8,21;197,7;207,72561712909936
197;197,0;8,89;214,07;207,8967030771811
198;198,0;8,59;206,85;208,0677890252628
199;199,0;11,11;267,53;208,2388749733445
200;200,0;9,34;224,91;208,40996092142623
201;201,0;9,35;225,15;208,58104686950793
202;202,0;9,92;238,87;208,75213281758965
203;203,0;8,44;203,24;208,92321876567138
204;204,0;9,89;238,15;209,09430471375308
205;205,0;8,83;212,63;209,26539066183477
206;206,0;9,16;220,57;209,4364766099165
207;207,0;7,98;192,16;209,60756255799822
208;208,0;8,18;196,97;209,77864850607992
209;209,0;8,87;213,59;209,94973445416164
210;210,0;8,35;201,07;210,12082040224334
211;211,0;10,11;243,45;210,29190635032506
212;212,0;9,75;234,78;210,4629922984068
213;213,0;9,55;229,96;210,63407824648849
214;214,0;9,04;217,68;210,8051641945702
215;215,0;7,19;173,14;210,9762501426519
216;216,0;9,3;223,94;211,14733609073363
217;217,0;8,38;201,79;211,31842203881533
218;218,0;9,54;229,72;211,48950798689705
219;219,0;6,8;163,74;211,66059393497875
220;220,0;6,75;162,54;211,83167988306047
221;221,0;8,57;206,37;212,0027658311422
222;222,0;8,09;194,81;212,1738517792239
223;223,0;9,48;228,28;212,34493772730562
224;224,0;8,31;200,1;212,51602367538732
225;225,0;8,65;208,29;212,68710962346904
226;226,0;8,4;202,27;212,85819557155077
227;227,0;8,1;195,05;213,02928151963246
228;228,0;8,54;205,64;213,20036746771416
229;229,0;9,42;226,83;213,37145341579588
230;230,0;8,47;203,96;213,5425393638776
231;231,0;9,0;216,72;213,7136253119593
232;232,0;9,23;222,26;213,88471126004103
233;233,0;9,13;219,85;214,05579720812273
234;234,0;10,66;256,69;214,22688315620445
235;235,0;8,83;212,63;214,39796910428618
236;236,0;9,16;220,57;214,56905505236787
237;237,0;9,76;235,02;214,7401410004496
238;238,0;8,77;211,18;214,9112269485313
239;239,0;9,53;229,48;215,08231289661302
240;240,0;9,52;229,24;215,25339884469474
241;241,0;8,28;199,38;215,42448479277644
242;242,0;9,89;238,15;215,59557074085814
243;243,0;8,88;213,83;215,76665668893986
244;244,0;7,59;182,77;215,93774263702159
245;245,0;9,54;229,72;216,10882858510328
246;246,0;8,78;211,42;216,279914533185
247;247,0;9,1;219,13;216,4510004812667
248;248,0;9,28;223,46;216,62208642934843
249;249,0;8,86;213,35;216,79317237743015
250;250,0;10,75;258,86;216,96425832551185
251;251,0;8,88;213,83;217,13534427359357
252;252,0;9,17;220,81;217,30643022167527
253;253,0;9,09;218,89;217,477516169757
254;254,0;9,6;231,17;217,6486021178387
255;255,0;9,66;232,61;217,81968806592042
256;256,0;11,0;264,88;217,9907740140021
257;257,0;9,32;224,43;218,16185996208384
258;258,0;8,97;216,0;218,33294591016556
259;259,0;10,21;245,86;218,50403185824726
260;260,0;8,78;211,42;218,67511780632898
261;261,0;9,0;216,72;218,84620375441068
262;262,0;9,04;217,68;219,0172897024924
263;263,0;9,19;221,3;219,18837565057413
264;264,0;9,27;223,22;219,35946159865583
265;265,0;10,15;244,41;219,53054754673752
266;266,0;9,37;225,63;219,70163349481925
267;267,0;10,12;243,69;219,87271944290097
268;268,0;9,6;231,17;220,04380539098267
269;269,0;10,29;247,78;220,2148913390644
270;270,0;9,27;223,22;220,3859772871461
271;271,0;9,35;225,15;220,55706323522782
272;272,0;10,03;241,52;220,72814918330954
273;273,0;11,63;280,05;220,89923513139124
274;274,0;9,38;225,87;221,07032107947296
275;275,0;9,17;220,81;221,24140702755466
276;276,0;11,22;270,18;221,41249297563638
277;277,0;11,25;270,9;221,5835789237181
278;278,0;10,16;244,65;221,7546648717998
279;279,0;9,49;228,52;221,9257508198815
280;280,0;9,69;233,34;222,09683676796323
281;281,0;9,86;237,43;222,26792271604495
282;282,0;9,44;227,32;222,43900866412665
283;283,0;9,99;240,56;222,61009461220837
284;284,0;9,43;227,07;222,78118056029007
285;285,0;10,25;246,82;222,9522665083718
286;286,0;9,56;230,2;223,12335245645352
287;287,0;8,55;205,88;223,2944384045352
288;288,0;10,45;251,64;223,46552435261694
289;289,0;7,55;181,8;223,63661030069864
290;290,0;6,5;156,52;223,80769624878036
291;291,0;7,86;189,27;223,97878219686208
292;292,0;7,93;190,95;224,14986814494378
293;293,0;9,73;234,3;224,32095409302548
294;294,0;9,49;228,52;224,4920400411072
295;295,0;6,29;151,46;224,66312598918893
296;296,0;8,11;195,29;224,83421193727062
297;297,0;8,93;215,03;225,00529788535235
298;298,0;8,99;216,48;225,17638383343404
299;299,0;8,51;204,92;225,34746978151577
300;300,0;9,42;226,83;225,5185557295975
301;301,0;8,67;208,77;225,6896416776792
302;302,0;9,12;219,61;225,86072762576092
303;303,0;9,94;239,36;226,0318135738426
304;304,0;9,9;238,39;226,20289952192434
305;305,0;9,61;231,41;226,37398547000603
306;306,0;8,42;202,75;226,54507141808776
307;307,0;9,65;232,37;226,71615736616945
308;308,0;9,01;216,96;226,88724331425118
309;309,0;7,93;190,95;227,0583292623329
310;310,0;9,03;217,44;227,2294152104146
311;311,0;10,4;250,43;227,40050115849633
312;312,0;9,33;224,67;227,57158710657802
313;313,0;8,96;215,76;227,74267305465975
314;314,0;8,62;207,57;227,91375900274147
315;315,0;10,17;244,89;228,08484495082317
316;316,0;10,46;251,88;228,25593089890486
317;317,0;7,74;186,38;228,4270168469866
318;318,0;10,12;243,69;228,5981027950683
319;319,0;9,01;216,96;228,76918874315
320;320,0;10,76;259,1;228,94027469123174
321;321,0;9,15;220,33;229,11136063931343
322;322,0;11,66;280,77;229,28244658739516
323;323,0;10,34;248,99;229,45353253547688
324;324,0;9,5;228,76;229,62461848355858
325;325,0;10,15;244,41;229,7957044316403
326;326,0;9,04;217,68;229,966790379722
327;327,0;9,96;239,84;230,13787632780372
328;328,0;9,4;226,35;230,30896227588545
329;329,0;8,88;213,83;230,48004822396715
330;330,0;8,65;208,29;230,65113417204884
331;331,0;10,1;243,21;230,82222012013057
332;332,0;11,31;272,34;230,9933060682123
333;333,0;8,03;193,36;231,164392016294
334;334,0;10,71;257,9;231,3354779643757
335;335,0;10,53;253,56;231,5065639124574
336;336,0;10,7;257,66;231,67764986053913
337;337,0;9,05;217,92;231,84873580862086
338;338,0;10,36;249,47;232,01982175670256
339;339,0;8,48;204,2;232,19090770478428
340;340,0;9,0;216,72;232,36199365286598
341;341,0;9,43;227,07;232,5330796009477
342;342,0;9,24;222,5;232,70416554902943
343;343,0;9,77;235,26;232,87525149711112
344;344,0;11,98;288,48;233,04633744519282
345;345,0;10,83;260,79;233,21742339327454
346;346,0;11,57;278,61;233,38850934135627
347;347,0;9,86;237,43;233,55959528943796
348;348,0;9,96;239,84;233,7306812375197
349;349,0;8,71;209,74;233,9017671856014
350;350,0;10,1;243,21;234,0728531336831
351;351,0;10,43;251,15;234,24393908176484
352;352,0;10,38;249,95;234,41502502984653
353;353,0;10,31;248,26;234,58611097792826
354;354,0;9,6;231,17;234,75719692600995
355;355,0;8,5;204,68;234,92828287409168
356;356,0;6,66;160,37;235,09936882217337
357;357,0;7,91;190,47;235,2704547702551
358;358,0;6,95;167,36;235,4415407183368
359;359,0;7,12;171,45;235,61262666641852
360;360,0;7,99;192,4;235,78371261450025
361;361,0;8,53;205,4;235,95479856258194
362;362,0;8,34;200,83;236,12588451066367
363;363,0;9,21;221,78;236,29697045874536
364;364,0;9,24;222,5;236,4680564068271
365;365,0;9,8;235,98;236,6391423549088
366;366,0;9,23;222,26;236,8102283029905
367;367,0;9,21;221,78;236,9813142510722
368;368,0;9,93;239,11;237,15240019915393
369;369,0;9,49;228,52;237,32348614723566
370;370,0;10,18;245,13;237,49457209531735
371;371,0;9,83;236,71;237,66565804339908
372;372,0;10,0;240,8;237,83674399148077
373;373,0;13,1;315,45;238,0078299395625
374;374,0;10,32;248,51;238,17891588764422
375;375,0;10,06;242,24;238,35000183572592
376;376,0;11,61;279,57;238,52108778380762
377;377,0;9,49;228,52;238,69217373188934
378;378,0;9,84;236,95;238,86325967997107
379;379,0;8,25;198,66;239,0343456280528
380;380,0;8,44;203,24;239,2054315761345
381;381,0;10,21;245,86;239,37651752421618
382;382,0;9,25;222,74;239,5476034722979
383;383,0;12,04;289,92;239,71868942037963
384;384,0;10,92;262,95;239,88977536846133
385;385,0;10,14;244,17;240,06086131654305
386;386,0;9,72;234,06;240,23194726462475
387;387,0;10,08;242,73;240,40303321270648
388;388,0;10,03;241,52;240,5741191607882
389;389,0;10,47;252,12;240,7452051088699
390;390,0;9,68;233,09;240,9162910569516
391;391,0;9,42;226,83;241,08737700503332
392;392,0;10,46;251,88;241,25846295311504
393;393,0;9,42;226,83;241,42954890119677
394;394,0;14,72;354,46;241,60063484927846
395;395,0;7,94;191,2;241,77172079736016
396;396,0;10,14;244,17;241,94280674544189
397;397,0;8,78;211,42;242,1138926935236
398;398,0;10,25;246,82;242,2849786416053
399;399,0;10,04;241,76;242,45606458968703
400;400,0;10,99;264,64;242,62715053776873
401;401,0;8,95;215,52;242,79823648585045
402;402,0;12,0;288,96;242,96932243393218
403;403,0;8,28;199,38;243,14040838201387
404;404,0;10,56;254,28;243,31149433009557
405;405,0;9,73;234,3;243,4825802781773
406;406,0;10,86;261,51;243,65366622625902
407;407,0;10,21;245,86;243,82475217434074
408;408,0;10,83;260,79;243,99583812242244
409;409,0;10,06;242,24;244,16692407050414
410;410,0;8,19;197,22;244,33801001858586
411;411,0;9,4;226,35;244,5090959666676
412;412,0;10,86;261,51;244,68018191474928
413;413,0;10,85;261,27;244,85126786283098
414;414,0;11,57;278,61;245,0223538109127
415;415,0;9,68;233,09;245,19343975899443
416;416,0;10,03;241,52;245,36452570707615
417;417,0;9,91;238,63;245,53561165515785
418;418,0;10,82;260,55;245,70669760323955
419;419,0;9,33;224,67;245,87778355132127
420;420,0;9,93;239,11;246,048869499403
421;421,0;10,62;255,73;246,21995544748472
422;422,0;11,82;284,63;246,39104139556642
423;423,0;10,14;244,17;246,56212734364811
424;424,0;7,26;174,82;246,73321329172984
425;425,0;7,51;180,84;246,90429923981156
426;426,0;10,19;245,38;247,07538518789326
427;427,0;10,82;260,55;247,24647113597496
428;428,0;9,43;227,07;247,41755708405668
429;429,0;6,39;153,87;247,5886430321384
430;430,0;8,94;215,28;247,75972898022013
431;431,0;7,5;180,6;247,93081492830183
432;432,0;9,13;219,85;248,10190087638352
433;433,0;9,12;219,61;248,27298682446525
434;434,0;8,7;209,5;248,44407277254697
435;435,0;8,71;209,74;248,61515872062867
436;436,0;9,67;232,85;248,7862446687104
437;437,0;9,16;220,57;248,9573306167921
438;438,0;11,06;266,32;249,12841656487382
439;439,0;10,07;242,49;249,29950251295554
440;440,0;8,55;205,88;249,47058846103724
441;441,0;10,11;243,45;249,64167440911893
442;442,0;8,61;207,33;249,81276035720066
443;443,0;13,48;324,6;249,98384630528238
444;444,0;9,65;232,37;250,1549322533641
445;445,0;9,55;229,96;250,3260182014458
446;446,0;10,33;248,75;250,4971041495275
447;447,0;9,81;236,22;250,66819009760923
448;448,0;10,12;243,69;250,83927604569095
449;449,0;10,17;244,89;251,01036199377265
450;450,0;9,71;233,82;251,18144794185437
451;451,0;8,77;211,18;251,35253388993607
452;452,0;11,29;271,86;251,5236198380178
453;453,0;10,93;263,19;251,69470578609952
454;454,0;9,67;232,85;251,86579173418122
455;455,0;11,17;268,97;252,0368776822629
456;456,0;10,24;246,58;252,20796363034464
457;457,0;9,09;218,89;252,37904957842636
458;458,0;8,96;215,76;252,5501355265081
459;459,0;10,16;244,65;252,72122147458978
460;460,0;11,92;287,03;252,89230742267148
461;461,0;9,7;233,58;253,0633933707532
462;462,0;11,2;269,7;253,23447931883493
463;463,0;8,89;214,07;253,40556526691662
464;464,0;10,23;246,34;253,57665121499832
465;465,0;9,18;221,05;253,74773716308005
466;466,0;11,09;267,05;253,91882311116177
467;467,0;10,45;251,64;254,0899090592435
468;468,0;10,51;253,08;254,2609950073252
469;469,0;9,53;229,48;254,4320809554069
470;470,0;10,49;252,6;254,6031669034886
471;471,0;8,79;211,66;254,77425285157034
472;472,0;9,99;240,56;254,94533879965206
473;473,0;9,47;228,04;255,11642474773376
474;474,0;12,92;311,11;255,28751069581546
475;475,0;8,98;216,24;255,45859664389718
476;476,0;9,86;237,43;255,6296825919789
477;477,0;10,9;262,47;255,8007685400606
478;478,0;7,71;185,66;255,9718544881423
479;479,0;10,55;254,04;256,142940436224
480;480,0;10,89;262,23;256,31402638430575
481;481,0;11,11;267,53;256,4851123323875
482;482,0;10,59;255,01;256,6561982804692
483;483,0;9,9;238,39;256,82728422855087
484;484,0;10,03;241,52;256,9983701766326
485;485,0;9,47;228,04;257,1694561247143
486;486,0;12,79;307,98;257,340542072796
487;487,0;11,08;266,81;257,51162802087777
488;488,0;10,7;257,66;257,68271396895943
489;489,0;11,0;264,88;257,85379991704116
490;490,0;9,71;233,82;258,0248858651229
491;491,0;9,05;217,92;258,19597181320455
492;492,0;6,4;154,11;258,3670577612863
493;493,0;7,33;176,51;258,538143709368
494;494,0;10,46;251,88;258,7092296574497
495;495,0;10,01;241,04;258,88031560553145
496;496,0;7,73;186,14;259,0514015536131
497;497,0;6,24;150,26;259,22248750169484
498;498,0;8,72;209,98;259,39357344977657
499;499,0;9,38;225,87;259,5646593978583
500;500,0;9,94;239,36;259,73574534594
501;501,0;9,3;223,94;259,9068312940217
502;502,0;8,81;212,14;260,0779172421034
503;503,0;9,59;230,93;260,24900319018514
504;504,0;8,18;196,97;260,42008913826686
505;505,0;8,92;214,79;260,5911750863486
506;506,0;9,88;237,91;260,76226103443025
507;507,0;10,18;245,13;260,933346982512
508;508,0;9,99;240,56;261,1044329305937
509;509,0;7,94;191,2;261,2755188786754
510;510,0;9,77;235,26;261,44660482675715
511;511,0;9,81;236,22;261,6176907748388
512;512,0;9,27;223,22;261,78877672292055
513;513,0;8,21;197,7;261,95986267100227
514;514,0;11,31;272,34;262,13094861908394
515;515,0;10,16;244,65;262,30203456716566
516;516,0;10,27;247,3;262,4731205152474
517;517,0;10,63;255,97;262,6442064633291
518;518,0;10,27;247,3;262,81529241141084
519;519,0;8,75;210,7;262,9863783594925
520;520,0;10,4;250,43;263,15746430757423
521;521,0;12,82;308,71;263,32855025565595
522;522,0;8,89;214,07;263,4996362037377
523;523,0;10,08;242,73;263,6707221518194
524;524,0;11,66;280,77;263,8418080999011
525;525,0;10,17;244,89;264,0128940479828
526;526,0;8,8;211,9;264,1839799960645
527;527,0;10,18;245,13;264,35506594414625
528;528,0;11,28;271,62;264,526151892228
529;529,0;9,87;237,67;264,69723784030964
530;530,0;9,9;238,39;264,86832378839136
531;531,0;8,98;216,24;265,0394097364731
532;532,0;9,49;228,52;265,2104956845548
533;533,0;9,83;236,71;265,38158163263654
534;534,0;12,36;297,63;265,5526675807182
535;535,0;9,42;226,83;265,72375352879993
536;536,0;7,33;176,51;265,89483947688166
537;537,0;12,75;307,02;266,0659254249633
538;538,0;10,4;250,43;266,2370113730451
539;539,0;9,1;219,13;266,4080973211268
540;540,0;11,2;269,7;266,5791832692085
541;541,0;10,62;255,73;266,7502692172902
542;542,0;12,29;295,94;266,9213551653719
543;543,0;10,63;255,97;267,0924411134536
544;544,0;9,74;234,54;267,26352706153534
545;545,0;9,86;237,43;267,43461300961707
546;546,0;9,82;236,47;267,6056989576988
547;547,0;10,32;248,51;267,77678490578046
548;548,0;11,52;277,4;267,9478708538622
549;549,0;11,38;274,03;268,1189568019439
550;550,0;11,31;272,34;268,29004275002563
551;551,0;8,68;209,01;268,46112869810736
552;552,0;11,44;275,48;268,632214646189
553;553,0;12,0;288,96;268,80330059427075
554;554,0;10,32;248,51;268,9743865423525
555;555,0;10,32;248,51;269,1454724904342
556;556,0;10,52;253,32;269,3165584385159
557;557,0;10,67;256,93;269,4876443865976
558;558,0;11,69;281,5;269,6587303346793
559;559,0;7,54;181,56;269,82981628276104
560;560,0;10,89;262,23;270,00090223084277
561;561,0;10,81;260,3;270,1719881789245
562;562,0;11,08;266,81;270,34307412700616
563;563,0;10,01;241,04;270,5141600750879
564;564,0;7,05;169,76;270,6852460231696
565;565,0;11,49;276,68;270,8563319712513
566;566,0;7,47;179,88;271,027417919333
567;567,0;10,05;242,0;271,19850386741473
568;568,0;9,14;220,09;271,36958981549645
569;569,0;10,28;247,54;271,5406757635782
570;570,0;11,77;283,42;271,71176171165985
571;571,0;10,03;241,52;271,88284765974157
572;572,0;10,09;242,97;272,0539336078233
573;573,0;10,34;248,99;272,225019555905
574;574,0;8,88;213,83;272,39610550398675
575;575,0;12,1;291,37;272,5671914520684
576;576,0;10,81;260,3;272,73827740015014
577;577,0;11,88;286,07;272,90936334823186
578;578,0;10,73;258,38;273,0804492963136
579;579,0;9,39;226,11;273,2515352443953
580;580,0;9,5;228,76;273,422621192477
581;581,0;10,7;257,66;273,5937071405587
582;582,0;11,07;266,57;273,76479308864043
583;583,0;9,98;240,32;273,93587903672216
584;584,0;10,54;253,8;274,1069649848039
585;585,0;10,52;253,32;274,27805093288555
586;586,0;10,34;248,99;274,4491368809673
587;587,0;12,46;300,04;274,620222829049
588;588,0;11,0;264,88;274,79130877713067
589;589,0;11,09;267,05;274,96239472521245
590;590,0;10,47;252,12;275,1334806732941
591;591,0;10,53;253,56;275,30456662137584
592;592,0;10,79;259,82;275,47565256945757
593;593,0;11,37;273,79;275,64673851753923
594;594,0;11,08;266,81;275,81782446562096
595;595,0;10,97;264,16;275,9889104137027
596;596,0;12,11;291,61;276,1599963617844
597;597,0;12,5;301,0;276,33108230986613
598;598,0;11,69;281,5;276,5021682579478
599;599,0;10,57;254,53;276,6732542060295
600;600,0;11,19;269,46;276,84434015411125
601;601,0;11,26;271,14;277,015426102193
602;602,0;11,09;267,05;277,1865120502747
603;603,0;9,12;219,61;277,35759799835637
604;604,0;10,89;262,23;277,5286839464381
605;605,0;11,52;277,4;277,6997698945198
606;606,0;11,47;276,2;277,87085584260154
607;607,0;11,49;276,68;278,04194179068327
608;608,0;11,38;274,03;278,21302773876494
609;609,0;10,96;263,92;278,38411368684666
610;610,0;11,3;272,1;278,5551996349284
611;611,0;11,01;265,12;278,7262855830101
612;612,0;8,61;207,33;278,89737153109184
613;613,0;10,87;261,75;279,0684574791735
614;614,0;11,69;281,5;279,2395434272552
615;615,0;11,09;267,05;279,41062937533695
616;616,0;11,02;265,36;279,5817153234186
617;617,0;11,57;278,61;279,75280127150035
618;618,0;9,81;236,22;279,92388721958207
619;619,0;11,59;279,09;280,0949731676638
620;620,0;10,92;262,95;280,2660591157455
621;621,0;12,41;298,83;280,4371450638272
622;622,0;10,9;262,47;280,6082310119089
623;623,0;9,57;230,45;280,77931695999064
624;624,0;11,48;276,44;280,95040290807236
625;625,0;11,37;273,79;281,1214888561541
626;626,0;11,65;280,53;281,29257480423576
627;627,0;11,18;269,21;281,4636607523175
628;628,0;11,41;274,75;281,6347467003992
629;629,0;11,63;280,05;281,80583264848093
630;630,0;11,27;271,38;281,97691859656265
631;631,0;10,55;254,04;282,1480045446443
632;632,0;9,73;234,3;282,31909049272605
633;633,0;11,47;276,2;282,4901764408078
634;634,0;11,87;285,83;282,6612623888895
635;635,0;11,29;271,86;282,8323483369712
636;636,0;9,73;234,3;283,0034342850529
637;637,0;9,63;231,89;283,1745202331346
638;638,0;10,98;264,4;283,34560618121634
639;639,0;8,0;192,64;283,516692129298
640;640,0;9,93;239,11;283,6877780773798
641;641,0;11,31;272,34;283,85886402546146
642;642,0;11,23;270,42;284,0299499735432
643;643,0;10,96;263,92;284,2010359216249
644;644,0;11,27;271,38;284,3721218697066
645;645,0;10,72;258,14;284,5432078177883
646;646,0;10,58;254,77;284,71429376587
647;647,0;10,89;262,23;284,88537971395175
648;648,0;10,68;257,17;285,0564656620335
649;649,0;10,81;260,3;285,22755161011514
650;650,0;10,47;252,12;285,39863755819687
651;651,0;11,37;273,79;285,5697235062786
652;652,0;8,99;216,48;285,7408094543603
653;653,0;10,9;262,47;285,91189540244204
654;654,0;12,13;292,09;286,0829813505237
655;655,0;10,34;248,99;286,25406729860543
656;656,0;10,62;255,73;286,42515324668716
657;657,0;11,77;283,42;286,5962391947689
658;658,0;10,74;258,62;286,7673251428506
659;659,0;10,97;264,16;286,9384110909323
660;660,0;11,06;266,32;287,109497039014
661;661,0;12,88;310,15;287,2805829870957
662;662,0;12,73;306,54;287,45166893517745
663;663,0;11,87;285,83;287,6227548832592
664;664,0;10,97;264,16;287,79384083134084
665;665,0;12,14;292,33;287,96492677942257
666;666,0;12,04;289,92;288,1360127275043
667;667,0;11,06;266,32;288,30709867558596
668;668,0;11,86;285,59;288,4781846236677
669;669,0;10,97;264,16;288,6492705717494
670;670,0;11,26;271,14;288,82035651983114
671;671,0;12,02;289,44;288,99144246791286
672;672,0;11,25;270,9;289,16252841599453
673;673,0;11,82;284,63;289,33361436407625
674;674,0;11,7;281,74;289,504700312158
675;675,0;11,71;281,98;289,6757862602397
676;676,0;11,38;274,03;289,84687220832143
677;677,0;12,04;289,92;290,0179581564031
678;678,0;10,8;260,06;290,1890441044848
679;679,0;11,34;273,07;290,36013005256655
680;680,0;13,77;331,58;290,53121600064827
681;681,0;11,85;285,35;290,70230194873
682;682,0;12,19;293,54;290,87338789681166
683;683,0;11,73;282,46;291,0444738448934
684;684,0;11,32;272,59;291,2155597929751
685;685,0;11,25;270,9;291,38664574105684
686;686,0;11,46;275,96;291,55773168913856
687;687,0;11,64;280,29;291,72881763722023
688;688,0;11,51;277,16;291,89990358530196
689;689,0;11,07;266,57;292,0709895333837
690;690,0;11,72;282,22;292,24207548146535
691;691,0;13,96;336,16;292,4131614295471
692;692,0;12,4;298,59;292,5842473776288
693;693,0;10,21;245,86;292,7553333257105
694;694,0;11,94;287,52;292,92641927379225
695;695,0;12,44;299,56;293,0975052218739
696;696,0;11,62;279,81;293,26859116995564
697;697,0;12,71;306,06;293,43967711803737
698;698,0;11,94;287,52;293,6107630661191
699;699,0;11,21;269,94;293,7818490142008
700;700,0;13,82;332,79;293,9529349622825
701;701,0;12,5;301,0;294,1240209103642
702;702,0;11,36;273,55;294,29510685844593
703;703,0;12,62;303,89;294,46619280652766
704;704,0;12,34;297,15;294,6372787546094
705;705,0;9,09;218,89;294,80836470269105
706;706,0;13,5;325,08;294,9794506507728
707;707,0;11,57;278,61;295,1505365988545
708;708,0;10,78;259,58;295,3216225469362
709;709,0;8,99;216,48;295,49270849501795
710;710,0;7,71;185,66;295,6637944430996
711;711,0;6,98;168,08;295,83488039118134
712;712,0;10,24;246,58;296,00596633926307
713;713,0;7,94;191,2;296,17705228734474
714;714,0;9,29;223,7;296,3481382354265
715;715,0;13,2;317,86;296,5192241835082
716;716,0;11,51;277,16;296,6903101315899
717;717,0;7,14;171,93;296,86139607967164
718;718,0;8,93;215,03;297,0324820277533
719;719,0;10,61;255,49;297,203567975835
720;720,0;10,35;249,23;297,37465392391675
721;721,0;10,81;260,3;297,5457398719985
722;722,0;11,09;267,05;297,7168258200802
723;723,0;10,74;258,62;297,88791176816187
724;724,0;11,1;267,29;298,0589977162436
725;725,0;11,13;268,01;298,2300836643253
726;726,0;11,22;270,18;298,40116961240705
727;727,0;11,16;268,73;298,57225556048877
728;728,0;11,37;273,79;298,74334150857044
729;729,0;11,13;268,01;298,91442745665216
730;730,0;11,55;278,12;299,0855134047339
731;731,0;11,61;279,57;299,2565993528156
732;732,0;11,79;283,9;299,42768530089734
733;733,0;11,64;280,29;299,598771248979
734;734,0;11,51;277,16;299,76985719706073
735;735,0;11,85;285,35;299,94094314514246
736;736,0;11,51;277,16;300,1120290932242
737;737,0;11,73;282,46;300,2831150413059
738;738,0;11,6;279,33;300,4542009893876
739;739,0;12,02;289,44;300,6252869374693
740;740,0;12,44;299,56;300,796372885551
741;741,0;12,54;301,96;300,9674588336327
742;742,0;12,82;308,71;301,1385447817144
743;743,0;12,97;312,32;301,30963072979614
744;744,0;13,06;314,48;301,48071667787787
745;745,0;13,16;316,89;301,6518026259596
746;746,0;13,14;316,41;301,82288857404126
747;747,0;13,11;315,69;301,993974522123
748;748,0;13,39;322,43;302,1650604702047
749;749,0;13,34;321,23;302,33614641828643
750;750,0;13,48;324,6;302,50723236636816
751;751,0;13,52;325,56;302,6783183144498
752;752,0;13,55;326,28;302,84940426253155
753;753,0;13,19;317,62;303,0204902106133
754;754,0;13,56;326,52;303,191576158695
755;755,0;13,46;324,12;303,3626621067767
756;756,0;13,36;321,71;303,5337480548584
757;757,0;13,71;330,14;303,7048340029401
758;758,0;13,53;325,8;303,87591995102184
759;759,0;13,42;323,15;304,0470058991035
760;760,0;13,49;324,84;304,2180918471853
761;761,0;13,81;332,54;304,38917779526696
762;762,0;13,63;328,21;304,5602637433487
763;763,0;13,67;329,17;304,7313496914304
764;764,0;13,64;328,45;304,9024356395121
765;765,0;13,71;330,14;305,07352158759386
766;766,0;13,88;334,23;305,2446075356755
767;767,0;13,6;327,49;305,41569348375725
768;768,0;13,8;332,3;305,586779431839
769;769,0;13,58;327,01;305,75786537992064
770;770,0;13,65;328,69;305,9289513280024
771;771,0;13,62;327,97;306,1000372760841
772;772,0;13,37;321,95;306,2711232241658
773;773,0;13,92;335,19;306,44220917224754
774;774,0;13,74;330,86;306,6132951203292
775;775,0;13,87;333,99;306,78438106841094
776;776,0;13,72;330,38;306,95546701649266
777;777,0;13,78;331,82;307,1265529645744
778;778,0;13,69;329,66;307,2976389126561
779;779,0;13,54;326,04;307,4687248607378
780;780,0;13,52;325,56;307,6398108088195
781;781,0;13,6;327,49;307,81089675690123
782;782,0;13,79;332,06;307,9819827049829
783;783,0;13,44;323,64;308,1530686530647
784;784,0;13,76;331,34;308,32415460114635
785;785,0;13,65;328,69;308,4952405492281
786;786,0;13,52;325,56;308,6663264973098
787;787,0;13,27;319,54;308,83741244539146
788;788,0;13,6;327,49;309,00849839347325
789;789,0;13,69;329,66;309,1795843415549
790;790,0;13,54;326,04;309,35067028963664
791;791,0;13,65;328,69;309,52175623771836
792;792,0;13,49;324,84;309,69284218580003
793;793,0;13,57;326,77;309,8639281338818
794;794,0;11,06;266,32;310,0350140819635
795;795,0;9,66;232,61;310,2061000300452
796;796,0;7,95;191,44;310,37718597812693
797;797,0;7,46;179,64;310,5482719262086
798;798,0;9,18;221,05;310,7193578742904
799;799,0;7,48;180,12;310,89044382237205
800;800,0;8,68;209,01;311,0615297704538
801;801,0;9,08;218,65;311,2326157185355
802;802,0;10,08;242,73;311,40370166661717
803;803,0;9,35;225,15;311,5747876146989
804;804,0;10,17;244,89;311,7458735627806
805;805,0;10,2;245,62;311,91695951086234
806;806,0;10,28;247,54;312,08804545894407
807;807,0;10,59;255,01;312,25913140702573
808;808,0;10,28;247,54;312,43021735510746
809;809,0;10,73;258,38;312,6013033031892
810;810,0;10,41;250,67;312,77238925127085
811;811,0;10,75;258,86;312,94347519935263
812;812,0;10,81;260,3;313,1145611474343
813;813,0;10,57;254,53;313,285647095516
814;814,0;10,57;254,53;313,45673304359775
815;815,0;10,06;242,24;313,6278189916794
816;816,0;10,33;248,75;313,7989049397612
817;817,0;10,2;245,62;313,96999088784287
818;818,0;10,34;248,99;314,1410768359246
819;819,0;10,14;244,17;314,3121627840063
820;820,0;10,58;254,77;314,483248732088
821;821,0;10,31;248,26;314,65433468016977
822;822,0;10,41;250,67;314,82542062825144
823;823,0;10,38;249,95;314,99650657633316
824;824,0;10,19;245,38;315,1675925244149
825;825,0;10,47;252,12;315,33867847249655
826;826,0;10,6;255,25;315,5097644205783
827;827,0;10,43;251,15;315,68085036866
828;828,0;10,51;253,08;315,8519363167417
829;829,0;10,43;251,15;316,02302226482345
830;830,0;10,41;250,67;316,1941082129051
831;831,0;10,46;251,88;316,36519416098685
832;832,0;10,44;251,4;316,53628010906857
833;833,0;10,5;252,84;316,70736605715024
834;834,0;10,64;256,21;316,878452005232
835;835,0;10,35;249,23;317,0495379533137
836;836,0;10,42;250,91;317,2206239013954
837;837,0;10,37;249,71;317,39170984947714
838;838,0;10,19;245,38;317,5627957975588
839;839,0;10,01;241,04;317,7338817456406
840;840,0;9,73;234,3;317,90496769372226
841;841,0;10,01;241,04;318,076053641804
842;842,0;9,91;238,63;318,2471395898857
843;843,0;9,65;232,37;318,4182255379674
844;844,0;9,93;239,11;318,58931148604916
845;845,0;9,69;233,34;318,7603974341308
846;846,0;9,85;237,19;318,93148338221255
847;847,0;9,64;232,13;319,1025693302943
848;848,0;10,05;242,0;319,27365527837594
849;849,0;9,79;235,74;319,4447412264577
850;850,0;9,86;237,43;319,6158271745394
851;851,0;9,89;238,15;319,7869131226211
852;852,0;9,94;239,36;319,95799907070284
853;853,0;9,82;236,47;320,1290850187845
854;854,0;9,42;226,83;320,30017096686623
855;855,0;9,87;237,67;320,47125691494796
856;856,0;9,51;229,0;320,6423428630297
857;857,0;10,05;242,0;320,8134288111114
858;858,0;10,0;240,8;320,9845147591931
859;859,0;9,68;233,09;321,1556007072748
860;860,0;9,95;239,6;321,3266866553565
861;861,0;9,8;235,98;321,4977726034382
862;862,0;10,06;242,24;321,66885855152
863;863,0;9,64;232,13;321,83994449960164
864;864,0;10,02;241,28;322,01103044768337
865;865,0;10,18;245,13;322,1821163957651
866;866,0;10,13;243,93;322,35320234384676
867;867,0;10,14;244,17;322,52428829192854
868;868,0;10,46;251,88;322,6953742400102
869;869,0;10,47;252,12;322,86646018809193
870;870,0;10,5;252,84;323,03754613617366
871;871,0;10,78;259,58;323,2086320842553
872;872,0;10,62;255,73;323,3797180323371
873;873,0;10,53;253,56;323,5508039804188
874;874,0;10,66;256,69;323,7218899285005
875;875,0;10,35;249,23;323,8929758765822
876;876,0;9,63;231,89;324,0640618246639
877;877,0;8,54;205,64;324,2351477727456
878;878,0;7,12;171,45;324,40623372082734
879;879,0;8,25;198,66;324,57731966890907
880;880,0;8,14;196,01;324,7484056169908
881;881,0;8,93;215,03;324,91949156507246
882;882,0;9,98;240,32;325,0905775131542
883;883,0;10,32;248,51;325,2616634612359
884;884,0;10,82;260,55;325,4327494093176
885;885,0;12,05;290,16;325,60383535739936
886;886,0;12,6;303,41;325,77492130548103
887;887,0;13,02;313,52;325,94600725356275
888;888,0;13,12;315,93;326,1170932016445
889;889,0;13,07;314,73;326,28817914972615
890;890,0;12,93;311,35;326,45926509780793
891;891,0;13,38;322,19;326,6303510458896
892;892,0;12,89;310,39;326,8014369939713
893;893,0;13,27;319,54;326,97252294205305
894;894,0;13,42;323,15;327,1436088901347
895;895,0;13,22;318,34;327,3146948382165
896;896,0;13,27;319,54;327,48578078629816
897;897,0;13,48;324,6;327,6568667343799
898;898,0;13,4;322,67;327,8279526824616
899;899,0;13,24;318,82;327,9990386305433
900;900,0;13,53;325,8;328,17012457862506
901;901,0;13,41;322,91;328,34121052670673
902;902,0;13,51;325,32;328,51229647478846
903;903,0;13,46;324,12;328,6833824228702
904;904,0;13,32;320,75;328,85446837095185
905;905,0;13,38;322,19;329,0255543190336
906;906,0;13,37;321,95;329,1966402671153
907;907,0;13,53;325,8;329,367726215197
908;908,0;13,27;319,54;329,53881216327875
909;909,0;13,34;321,23;329,7098981113604
910;910,0;13,32;320,75;329,88098405944214
911;911,0;13,12;315,93;330,05207000752387
912;912,0;13,34;321,23;330,22315595560553
913;913,0;13,13;316,17;330,3942419036873
914;914,0;13,49;324,84;330,565327851769
915;915,0;13,13;316,17;330,7364137998507
916;916,0;13,09;315,21;330,90749974793243
917;917,0;12,98;312,56;331,0785856960141
918;918,0;12,94;311,6;331,2496716440959
919;919,0;13,13;316,17;331,42075759217755
920;920,0;13,17;317,13;331,5918435402593
921;921,0;13,14;316,41;331,762929488341
922;922,0;13,35;321,47;331,93401543642267
923;923,0;13,12;315,93;332,10510138450445
924;924,0;13,08;314,97;332,2761873325861
925;925,0;13,14;316,41;332,44727328066784
926;926,0;13,2;317,86;332,61835922874957
927;927,0;13,12;315,93;332,78944517683124
928;928,0;12,86;309,67;332,96053112491296
929;929,0;12,83;308,95;333,1316170729947
930;930,0;12,9;310,63;333,3027030210764
931;931,0;12,72;306,3;333,47378896915814
932;932,0;12,91;310,87;333,6448749172398
933;933,0;13,07;314,73;333,81596086532153
934;934,0;12,77;307,5;333,98704681340325
935;935,0;12,69;305,58;334,1581327614849
936;936,0;12,95;311,84;334,3292187095667
937;937,0;12,79;307,98;334,50030465764837
938;938,0;12,63;304,13;334,6713906057301
939;939,0;12,86;309,67;334,8424765538118
940;940,0;12,79;307,98;335,0135625018935
941;941,0;12,59;303,17;335,18464844997527
942;942,0;12,53;301,72;335,35573439805694
943;943,0;12,4;298,59;335,52682034613866
944;944,0;12,83;308,95;335,6979062942204
945;945,0;12,62;303,89;335,86899224230206
946;946,0;12,83;308,95;336,04007819038384
947;947,0;12,71;306,06;336,2111641384655
948;948,0;12,58;302,93;336,38225008654723
949;949,0;12,67;305,09;336,55333603462896
950;950,0;12,56;302,44;336,7244219827106
951;951,0;12,5;301,0;336,8955079307924
952;952,0;12,69;305,58;337,0665938788741
953;953,0;12,61;303,65;337,2376798269558
954;954,0;12,48;300,52;337,4087657750375
955;955,0;12,52;301,48;337,5798517231192
956;956,0;12,83;308,95;337,7509376712009
957;957,0;12,98;312,56;337,92202361928264
958;958,0;12,89;310,39;338,0931095673643
959;959,0;12,73;306,54;338,2641955154461
960;960,0;10,31;248,26;338,43528146352776
961;961,0;7,21;173,62;338,6063674116095
962;962,0;7,74;186,38;338,7774533596912
963;963,0;7,03;169,28;338,9485393077729
964;964,0;8,09;194,81;339,11962525585466
965;965,0;10,17;244,89;339,2907112039363
966;966,0;10,26;247,06;339,46179715201805
967;967,0;12,0;288,96;339,6328831000998
968;968,0;13,59;327,25;339,80396904818144
969;969,0;13,83;333,03;339,9750549962632
970;970,0;14,5;349,16;340,1461409443449
971;971,0;14,63;352,29;340,3172268924266
972;972,0;14,88;358,31;340,48831284050834
973;973,0;14,97;360,48;340,65939878859
974;974,0;14,9;358,79;340,8304847366718
975;975,0;15,18;365,53;341,00157068475346
976;976,0;15,03;361,92;341,1726566328352
977;977,0;15,41;371,07;341,3437425809169
978;978,0;15,11;363,85;341,5148285289986
979;979,0;15,5;373,24;341,6859144770803
980;980,0;15,37;370,11;341,857000425162
981;981,0;15,67;377,33;342,02808637324375
982;982,0;15,5;373,24;342,1991723213255
983;983,0;15,62;376,13;342,37025826940715
984;984,0;15,71;378,3;342,54134421748887
985;985,0;15,56;374,68;342,7124301655706
986;986,0;15,76;379,5;342,88351611365226
987;987,0;15,4;370,83;343,05460206173404
988;988,0;15,77;379,74;343,2256880098157
989;989,0;15,59;375,41;343,39677395789744
990;990,0;15,72;378,54;343,56785990597916
991;991,0;15,57;374,93;343,73894585406083
992;992,0;15,61;375,89;343,9100318021426
993;993,0;15,79;380,22;344,0811177502243
994;994,0;15,74;379,02;344,252203698306
995;995,0;15,96;384,32;344,42328964638773
996;996,0;15,68;377,57;344,5943755944694
997;997,0;16,0;385,28;344,7654615425512
998;998,0;15,49;373,0;344,93654749063285
999;999,0;15,82;380,95;345,1076334387146
1000;1000,0;15,4;370,83;345,2787193867963
1001;1001,0;15,68;377,57;345,44980533487796
1002;1002,0;15,59;375,41;345,6208912829597
1003;1003,0;15,7;378,06;345,7919772310414
1004;1004,0;15,69;377,82;345,96306317912314
1005;1005,0;15,61;375,89;346,13414912720486
1006;1006,0;15,8;380,46;346,30523507528653
1007;1007,0;15,51;373,48;346,47632102336826
1008;1008,0;15,52;373,72;346,64740697145
1009;1009,0;15,49;373,0;346,81849291953165
1010;1010,0;15,64;376,61;346,98957886761343
1011;1011,0;15,48;372,76;347,1606648156951
1012;1012,0;15,23;366,74;347,3317507637768
1013;1013,0;15,4;370,83;347,50283671185855
1014;1014,0;15,23;366,74;347,6739226599402
1015;1015,0;15,69;377,82;347,845008608022
1016;1016,0;15,42;371,31;348,01609455610367
1017;1017,0;15,66;377,09;348,1871805041854
1018;1018,0;15,39;370,59;348,3582664522671
1019;1019,0;15,4;370,83;348,5293524003488
1020;1020,0;15,62;376,13;348,70043834843057
1021;1021,0;15,58;375,17;348,87152429651223
1022;1022,0;15,55;374,44;349,04261024459396
1023;1023,0;15,54;374,2;349,2136961926757
1024;1024,0;15,71;378,3;349,38478214075735
1025;1025,0;15,45;372,04;349,55586808883913
1026;1026,0;15,64;376,61;349,7269540369208
1027;1027,0;15,61;375,89;349,8980399850025
1028;1028,0;15,96;384,32;350,06912593308425
1029;1029,0;15,53;373,96;350,2402118811659
1030;1030,0;15,64;376,61;350,41129782924764
1031;1031,0;15,45;372,04;350,58238377732937
1032;1032,0;15,66;377,09;350,7534697254111
1033;1033,0;15,62;376,13;350,9245556734928
1034;1034,0;15,3;368,42;351,0956416215745
1035;1035,0;15,6;375,65;351,2667275696562
1036;1036,0;15,43;371,55;351,43781351773794
1037;1037,0;15,61;375,89;351,6088994658196
1038;1038,0;15,43;371,55;351,7799854139014
1039;1039,0;15,74;379,02;351,95107136198305
1040;1040,0;15,73;378,78;352,1221573100648
1041;1041,0;15,66;377,09;352,2932432581465
1042;1042,0;15,5;373,24;352,4643292062282
1043;1043,0;12,85;309,43;352,63541515430995
1044;1044,0;12,23;294,5;352,8065011023916
1045;1045,0;9,91;238,63;352,97758705047335
1046;1046,0;8,09;194,81;353,14867299855507
1047;1047,0;7,98;192,16;353,31975894663674
